,Country,Order_Quantity,Order_Quantity,Revenue,Revenue
,,sum,std,sum,std
0,Australia,263585,9.586546851552578,21302059,1482.7468039404196
1,Canada,192259,9.301357881134317,7935738,1108.495845217471
2,France,128995,9.62977012615915,8432872,1283.499661164987
3,Germany,125720,9.582389447371494,8978596,1291.8729682067158
4,United Kingdom,157218,9.597684385294722,10646196,1262.182632724274
5,United States,477539,9.513771694382042,27975547,1280.1528102597179
